CustomerID,Age,AnnualIncome,SpendingScore,FavoriteStore,PreviousPurchases
1,25,109333,10,H&M,"Accessories, Shirts"
2,49,40782,10,Uniqlo,"T-Shirts, Shoes"
3,31,112564,73,Zara,"Jeans, Shirts"
4,30,40243,62,Uniqlo,"Jeans, Shirts"
5,38,49379,90,Zara,"Shoes, Jackets"
6,41,57780,99,Nike,"Dresses, Coats"
7,35,50740,91,Gap,"Shoes, Jackets"
8,62,39984,60,Nike,"Dresses, Coats"
9,57,20050,95,Puma,"Shoes, Bags"
10,43,26590,19,Gap,"Accessories, Shirts"
11,49,60205,38,Levi’s,"Accessories, Shirts"
12,61,35162,6,Nike,"Jeans, Jackets"
13,50,69746,15,Levi’s,"Shoes, Jackets"
14,48,33105,93,Uniqlo,"Dresses, Coats"
15,35,57499,47,Puma,"T-Shirts, Shoes"
16,52,56641,45,Adidas,"Jeans, Shirts"
17,29,31628,5,Adidas,"T-Shirts, Shoes"
18,42,62032,78,Gap,"Jeans, Shirts"
19,62,85029,53,Gap,"Shoes, Bags"
20,48,58516,66,Nike,"Jeans, Shirts"
21,27,107157,62,Adidas,"T-Shirts, Shoes"
22,64,21476,23,H&M,"T-Shirts, Shoes"
23,51,60800,44,H&M,"Accessories, Shirts"
24,20,55788,52,Uniqlo,"Dresses, Coats"
25,63,109973,46,H&M,"Accessories, Shirts"
26,56,46240,19,Uniqlo,"Shoes, Jackets"
27,25,30922,88,Adidas,"T-Shirts, Shoes"
28,49,84198,84,H&M,"Dresses, Coats"
29,60,78739,47,Levi’s,"Shoes, Bags"
30,46,93602,91,Zara,"Jeans, Shirts"
31,39,32089,52,Gap,"Shoes, Jackets"
32,37,52600,24,Puma,"Jeans, Jackets"
33,23,66176,17,Nike,"Jeans, Jackets"
34,60,28167,89,Uniqlo,"Dresses, Coats"
35,46,98352,46,Levi’s,"Jeans, Shirts"
36,59,41164,64,H&M,"Jeans, Shirts"
37,34,105965,95,Puma,"Dresses, Coats"
38,48,51415,28,Puma,"Jeans, Shirts"
39,51,93653,50,Zara,"Accessories, Shirts"
40,55,91895,64,Nike,"Jeans, Shirts"
41,54,99900,28,Levi’s,"Jeans, Jackets"
42,21,114330,86,Nike,"Jeans, Shirts"
43,19,95829,56,Uniqlo,"T-Shirts, Shoes"
44,29,78650,59,Uniqlo,"Dresses, Coats"
45,52,78981,5,Gap,"Shoes, Bags"
46,23,94868,54,Adidas,"Jeans, Jackets"
47,63,20615,44,Uniqlo,"Shoes, Bags"
48,25,65612,42,H&M,"Jeans, Jackets"
49,38,97937,72,Puma,"Shoes, Jackets"
50,63,61936,92,Levi’s,"T-Shirts, Shoes"
51,52,49372,57,Levi’s,"Jeans, Jackets"
52,32,87875,47,Zara,"T-Shirts, Shoes"
53,24,101782,76,Puma,"Jeans, Jackets"
54,32,81700,25,Zara,"Shoes, Bags"
55,62,28109,44,Zara,"Shoes, Bags"
56,23,43758,15,Puma,"Dresses, Coats"
57,64,108627,51,Nike,"Jeans, Jackets"
58,34,33317,53,H&M,"Jeans, Jackets"
59,21,102298,34,Nike,"Accessories, Shirts"
60,39,89001,77,H&M,"T-Shirts, Shoes"
61,49,71423,8,Levi’s,"T-Shirts, Shoes"
62,39,45622,77,Uniqlo,"T-Shirts, Shoes"
63,44,26800,70,Uniqlo,"T-Shirts, Shoes"
64,63,55539,96,Nike,"Shoes, Jackets"
65,32,22600,21,Nike,"Shoes, Jackets"
66,61,91054,7,Nike,"Jeans, Shirts"
67,39,105163,90,Adidas,"Jeans, Jackets"
68,45,49369,79,Gap,"Jeans, Jackets"
69,59,116981,56,Puma,"Jeans, Jackets"
70,55,36689,49,H&M,"Jeans, Jackets"
71,26,101459,42,Uniqlo,"T-Shirts, Shoes"
72,51,58469,23,H&M,"T-Shirts, Shoes"
73,53,115939,52,Nike,"Shoes, Jackets"
74,26,20958,79,Adidas,"Shoes, Bags"
75,32,80012,53,Nike,"Accessories, Shirts"
76,62,89074,16,H&M,"T-Shirts, Shoes"
77,37,80021,96,Gap,"T-Shirts, Shoes"
78,25,108940,37,Uniqlo,"Dresses, Coats"
79,45,70782,18,Gap,"T-Shirts, Shoes"
80,36,95519,20,Puma,"Shoes, Bags"
81,33,79315,46,Levi’s,"Shoes, Bags"
82,28,44642,2,Adidas,"Shoes, Jackets"
83,59,99003,87,Gap,"T-Shirts, Shoes"
84,25,20205,94,Adidas,"Dresses, Coats"
85,50,112945,63,Nike,"Accessories, Shirts"
86,27,32442,3,Levi’s,"Jeans, Jackets"
87,35,111826,46,H&M,"T-Shirts, Shoes"
88,52,111644,49,Gap,"Shoes, Jackets"
89,60,25691,1,Gap,"Shoes, Jackets"
90,20,58909,22,Zara,"Accessories, Shirts"
91,57,39504,93,Uniqlo,"Dresses, Coats"
92,44,84270,14,H&M,"Jeans, Shirts"
93,45,115698,92,Gap,"Shoes, Jackets"
94,63,78051,85,Gap,"Shoes, Bags"
95,23,58798,45,H&M,"Shoes, Bags"
96,64,69330,96,Levi’s,"Jeans, Jackets"
97,31,107087,6,Adidas,"Shoes, Jackets"
98,24,98919,65,H&M,"Dresses, Coats"
99,27,102032,21,Adidas,"Jeans, Jackets"
100,32,61716,4,Levi’s,"Shoes, Jackets"
101,48,94624,3,Levi’s,"Accessories, Shirts"
102,46,66982,30,Puma,"T-Shirts, Shoes"
103,59,47444,31,Nike,"Dresses, Coats"
104,34,44734,34,Zara,"Shoes, Jackets"
105,46,61745,83,Levi’s,"Dresses, Coats"
106,61,54571,20,Puma,"Jeans, Shirts"
107,32,111951,87,Puma,"Dresses, Coats"
108,43,35389,54,Puma,"Dresses, Coats"
109,29,113280,25,Levi’s,"Shoes, Bags"
110,42,104218,15,Adidas,"Accessories, Shirts"
111,58,65038,38,Levi’s,"T-Shirts, Shoes"
112,22,119846,23,H&M,"T-Shirts, Shoes"
113,21,92795,52,Nike,"Shoes, Bags"
114,61,65168,66,Nike,"Dresses, Coats"
115,58,98082,57,H&M,"T-Shirts, Shoes"
116,48,87690,57,Gap,"Jeans, Jackets"
117,20,94302,79,Levi’s,"Accessories, Shirts"
118,20,31230,52,Uniqlo,"Jeans, Shirts"
119,43,103301,35,Zara,"Shoes, Bags"
120,34,25902,74,Puma,"Shoes, Jackets"
121,27,86758,14,Levi’s,"Shoes, Jackets"
122,19,47050,91,Nike,"Shoes, Jackets"
123,41,119805,14,Zara,"Accessories, Shirts"
124,28,94586,99,Uniqlo,"Jeans, Shirts"
125,41,89110,33,Gap,"T-Shirts, Shoes"
126,52,96693,52,Adidas,"Jeans, Shirts"
127,40,39575,1,Adidas,"Jeans, Shirts"
128,49,78940,34,Uniqlo,"Shoes, Bags"
129,40,60244,19,Levi’s,"Accessories, Shirts"
130,51,103481,24,Levi’s,"Shoes, Jackets"
131,58,34962,4,Zara,"Shoes, Bags"
132,36,110388,36,Zara,"T-Shirts, Shoes"
133,19,116220,77,Gap,"Jeans, Shirts"
134,19,97332,58,Levi’s,"Dresses, Coats"
135,32,44450,32,Nike,"Shoes, Jackets"
136,38,73494,9,Adidas,"Accessories, Shirts"
137,52,65037,80,Gap,"Jeans, Jackets"
138,22,103040,67,Puma,"Jeans, Shirts"
139,60,50041,20,Zara,"Jeans, Shirts"
140,44,30715,74,Puma,"Jeans, Shirts"
141,41,41803,62,Nike,"Jeans, Shirts"
142,24,88906,58,Levi’s,"Shoes, Jackets"
143,23,81726,22,H&M,"Accessories, Shirts"
144,63,21908,67,Zara,"Shoes, Bags"
145,50,57075,75,Gap,"Shoes, Jackets"
146,34,84587,89,H&M,"Accessories, Shirts"
147,63,73648,48,Nike,"Shoes, Bags"
148,59,41134,8,Puma,"Jeans, Shirts"
149,47,76143,73,Uniqlo,"Accessories, Shirts"
150,25,89123,15,Adidas,"Jeans, Shirts"
151,57,115559,32,Uniqlo,"Dresses, Coats"
152,63,65153,53,Uniqlo,"Accessories, Shirts"
153,24,22413,67,Uniqlo,"T-Shirts, Shoes"
154,23,110574,4,Nike,"Jeans, Jackets"
155,21,42555,30,Adidas,"Jeans, Shirts"
156,18,30952,13,Nike,"Jeans, Shirts"
157,32,88993,21,Uniqlo,"Jeans, Shirts"
158,48,94000,41,Zara,"T-Shirts, Shoes"
159,42,86686,19,Uniqlo,"Shoes, Jackets"
160,64,52264,48,Zara,"Shoes, Bags"
161,50,67553,86,Gap,"Jeans, Shirts"
162,52,74359,63,Uniqlo,"Jeans, Shirts"
163,22,118322,20,H&M,"Shoes, Jackets"
164,22,29808,64,Nike,"Shoes, Jackets"
165,53,72330,37,Uniqlo,"Jeans, Jackets"
166,34,58345,31,Nike,"Accessories, Shirts"
167,31,89617,74,Puma,"Jeans, Shirts"
168,46,59222,18,Uniqlo,"Accessories, Shirts"
169,25,77755,20,H&M,"Dresses, Coats"
170,51,28933,82,Uniqlo,"Shoes, Jackets"
171,57,88207,11,Levi’s,"Shoes, Jackets"
172,18,63739,86,Gap,"Jeans, Jackets"
173,46,67738,44,Puma,"Shoes, Bags"
174,53,116753,82,Nike,"T-Shirts, Shoes"
175,54,104544,64,Puma,"T-Shirts, Shoes"
176,46,41883,34,Gap,"T-Shirts, Shoes"
177,22,118818,87,Nike,"Shoes, Jackets"
178,49,118510,65,Nike,"Jeans, Shirts"
179,41,119251,55,Levi’s,"Jeans, Jackets"
180,36,63401,74,Uniqlo,"Shoes, Bags"
181,29,35380,1,Zara,"Dresses, Coats"
182,18,38212,38,Gap,"T-Shirts, Shoes"
183,24,48174,9,H&M,"Jeans, Jackets"
184,34,26861,95,Gap,"Shoes, Jackets"
185,51,26094,71,Uniqlo,"T-Shirts, Shoes"
186,60,71319,17,Levi’s,"Shoes, Bags"
187,24,66728,99,Adidas,"Dresses, Coats"
188,34,44363,52,Puma,"Accessories, Shirts"
189,20,107846,18,Adidas,"Dresses, Coats"
190,46,59300,63,Levi’s,"Shoes, Bags"
191,39,74808,33,Puma,"Dresses, Coats"
192,55,25943,4,Uniqlo,"Jeans, Shirts"
193,60,100105,87,Levi’s,"T-Shirts, Shoes"
194,46,62616,75,Zara,"T-Shirts, Shoes"
195,59,94329,52,Gap,"Accessories, Shirts"
196,22,45287,9,Uniqlo,"Dresses, Coats"
197,47,53971,64,Puma,"Accessories, Shirts"
198,40,76152,30,Gap,"Dresses, Coats"
199,38,62351,8,Adidas,"T-Shirts, Shoes"
200,43,80040,5,Uniqlo,"Jeans, Shirts"
